ID,ProductID,OrderID,Quantity,CheckoutDate
1,16,1,4,11/12/2020
2,7,1,2,11/12/2020
3,11,1,3,11/12/2020
4,17,2,2,13/12/2020
5,11,2,5,13/12/2020
6,9,2,1,13/12/2020
7,12,2,1,13/12/2020
8,10,916,3,8/9/2020
9,18,198,5,10/3/2020
10,3,523,6,27/4/2020
11,17,10,4,17/7/2020
12,11,811,8,8/7/2020
13,18,739,6,19/2/2020
14,9,209,6,30/9/2020
15,13,315,2,28/2/2020
16,5,912,7,13/2/2020
17,8,355,5,3/2/2020
18,18,649,3,10/4/2020
19,3,947,5,27/7/2020
20,12,796,6,9/7/2020
21,9,456,5,3/9/2020
22,1,412,3,3/3/2020
23,7,12,5,1/4/2020
24,1,697,4,1/7/2020
25,13,480,7,23/6/2020
26,10,805,7,25/5/2020
27,9,34,8,11/3/2020
28,1,858,5,25/2/2020
29,16,859,6,14/5/2020
30,7,524,7,9/6/2020
31,14,214,6,16/9/2020
32,8,436,2,30/5/2020
33,6,684,7,2/6/2020
34,7,528,7,17/6/2020
35,5,133,3,25/6/2020
36,6,395,5,1/9/2020
37,16,238,4,25/4/2020
38,16,176,6,16/3/2020
39,8,165,3,28/9/2020
40,9,891,3,7/10/2020
41,9,729,3,21/8/2020
42,2,522,2,17/9/2020
43,9,786,3,31/3/2020
44,16,440,4,30/1/2020
45,11,381,8,11/8/2020
46,1,32,3,4/6/2020
47,14,303,4,5/9/2020
48,2,472,6,23/1/2020
49,15,32,4,18/3/2020
50,4,790,1,5/2/2020
51,8,903,7,27/9/2020
52,4,317,5,17/8/2020
53,10,767,6,19/8/2020
54,14,460,3,26/2/2020
55,15,97,4,15/10/2020
56,2,586,6,2/6/2020
57,16,3,8,3/6/2020
58,17,534,5,10/10/2020
59,14,368,3,20/7/2020
60,1,916,7,22/3/2020
61,13,60,1,18/6/2020
62,9,600,7,4/3/2020
63,3,161,2,21/2/2020
64,20,389,7,29/6/2020
65,8,531,7,9/5/2020
66,6,263,4,29/4/2020
67,20,670,4,19/3/2020
68,18,241,7,29/8/2020
69,20,809,5,7/3/2020
70,3,994,2,19/2/2020
71,2,856,1,13/5/2020
72,16,497,2,23/3/2020
73,18,210,3,3/9/2020
74,17,626,4,22/7/2020
75,12,28,6,27/7/2020
76,17,960,7,19/4/2020
77,20,564,7,21/6/2020
78,11,704,8,25/6/2020
79,7,721,6,4/7/2020
80,15,359,4,19/5/2020
81,4,885,5,12/10/2020
82,13,406,6,15/8/2020
83,8,199,2,23/8/2020
84,5,613,3,30/6/2020
85,8,396,8,28/8/2020
86,9,536,8,17/10/2020
87,3,56,4,31/5/2020
88,13,549,7,28/1/2020
89,5,17,6,18/10/2020
90,2,945,4,6/3/2020
91,19,905,3,30/5/2020
92,17,492,7,11/2/2020
93,16,645,6,23/3/2020
94,10,174,6,12/8/2020
95,16,901,6,14/6/2020
96,14,775,3,21/6/2020
97,8,840,7,22/6/2020
98,1,215,1,12/10/2020
99,14,718,3,15/10/2020
100,5,623,2,12/9/2020
101,12,783,6,11/3/2020
102,10,204,4,19/5/2020
103,2,843,3,11/7/2020
104,8,727,1,4/4/2020
105,9,264,5,7/10/2020
106,19,602,8,6/5/2020
107,4,938,8,1/4/2020
108,5,220,7,14/3/2020
109,2,862,4,20/10/2020
110,14,198,4,23/2/2020
111,19,799,5,8/10/2020
112,9,337,1,2/2/2020
113,13,753,2,14/2/2020
114,15,61,7,22/9/2020
115,16,493,8,9/8/2020
116,3,540,4,21/8/2020
117,17,988,3,9/10/2020
118,5,844,4,22/8/2020
119,9,447,6,25/8/2020
120,7,118,8,25/1/2020
121,14,41,8,16/8/2020
122,15,209,8,4/5/2020
123,10,140,5,12/7/2020
124,20,944,6,3/10/2020
125,20,620,7,26/7/2020
126,19,556,6,1/2/2020
127,11,212,2,8/3/2020
128,17,381,7,23/7/2020
129,19,692,5,13/8/2020
130,19,375,3,23/2/2020
131,14,520,4,2/4/2020
132,6,959,2,12/9/2020
133,17,175,3,20/4/2020
134,16,412,7,14/2/2020
135,6,423,7,18/9/2020
136,9,877,5,31/3/2020
137,11,367,7,3/9/2020
138,14,695,8,28/5/2020
139,16,487,2,17/3/2020
140,13,573,8,7/4/2020
141,9,865,1,10/6/2020
142,16,414,3,13/5/2020
143,4,764,7,5/10/2020
144,12,455,4,20/7/2020
145,18,44,6,11/2/2020
146,10,360,7,27/9/2020
147,14,19,4,22/6/2020
148,10,17,6,10/3/2020
149,15,860,1,18/7/2020
150,4,568,1,23/4/2020
151,13,742,2,12/3/2020
152,17,320,4,9/8/2020
153,19,880,6,19/8/2020
154,1,80,3,10/10/2020
155,13,579,8,14/6/2020
156,14,374,5,30/6/2020
157,5,605,5,1/9/2020
158,19,659,3,21/9/2020
159,19,720,5,3/10/2020
160,7,366,1,23/1/2020
161,5,957,6,21/5/2020
162,4,36,6,7/9/2020
163,14,113,6,22/5/2020
164,11,189,5,6/2/2020
165,3,537,4,30/6/2020
166,11,401,6,21/6/2020
167,12,743,6,16/8/2020
168,10,913,4,13/3/2020
169,16,442,3,16/10/2020
170,19,241,1,16/3/2020
171,9,610,4,9/9/2020
172,7,775,1,25/1/2020
173,19,568,2,24/8/2020
174,17,354,8,4/2/2020
175,7,807,1,27/9/2020
176,16,579,1,25/7/2020
177,1,923,6,18/4/2020
178,16,938,5,5/9/2020
179,15,838,1,9/10/2020
180,14,109,2,3/2/2020
181,8,609,6,29/3/2020
182,15,883,7,25/6/2020
183,13,511,8,4/4/2020
184,4,359,8,23/6/2020
185,9,263,6,19/5/2020
186,4,734,8,23/2/2020
187,8,316,3,14/7/2020
188,9,784,1,30/8/2020
189,10,86,2,30/4/2020
190,1,873,6,3/9/2020
191,17,716,7,1/10/2020
192,19,483,6,10/6/2020
193,1,999,3,28/3/2020
194,7,916,5,18/9/2020
195,13,128,7,29/9/2020
196,8,819,6,31/7/2020
197,12,54,4,5/10/2020
198,2,61,1,17/3/2020
199,18,395,5,11/5/2020
200,10,885,6,10/6/2020
201,9,776,5,20/8/2020
202,15,934,1,25/1/2020
203,15,189,6,1/6/2020
204,19,485,8,8/6/2020
205,9,22,6,21/10/2020
206,8,317,7,6/6/2020
207,3,993,2,13/4/2020
208,6,997,5,30/8/2020
209,13,237,5,6/6/2020
210,15,563,7,9/10/2020
211,5,190,6,26/4/2020
212,6,242,1,17/2/2020
213,3,580,5,15/5/2020
214,14,225,2,4/10/2020
215,18,476,4,16/5/2020
216,5,693,5,2/9/2020
217,15,225,2,18/3/2020
218,6,351,7,17/2/2020
219,9,380,7,19/10/2020
220,1,476,8,31/5/2020
221,2,21,1,27/6/2020
222,11,305,7,7/3/2020
223,18,725,7,4/3/2020
224,11,427,6,13/9/2020
225,11,996,6,20/9/2020
226,12,959,4,7/2/2020
227,10,803,7,9/2/2020
228,9,391,3,2/8/2020
229,2,825,2,15/7/2020
230,19,425,3,13/8/2020
231,19,845,8,27/9/2020
232,15,51,5,15/3/2020
233,9,449,6,24/3/2020
234,14,49,4,9/7/2020
235,6,502,4,14/8/2020
236,14,515,2,25/9/2020
237,14,619,6,15/5/2020
238,3,350,4,26/3/2020
239,1,389,7,8/3/2020
240,1,26,3,27/1/2020
241,6,998,1,14/2/2020
242,5,855,6,25/3/2020
243,13,692,3,27/1/2020
244,6,854,5,13/9/2020
245,10,182,2,15/7/2020
246,11,841,1,18/7/2020
247,8,148,6,3/6/2020
248,9,64,6,21/2/2020
249,9,49,2,24/3/2020
250,11,506,8,12/10/2020
251,14,150,6,15/7/2020
252,6,864,6,8/2/2020
253,11,351,3,19/5/2020
254,13,385,3,12/10/2020
255,20,321,3,17/4/2020
256,14,939,3,28/7/2020
257,2,424,2,17/8/2020
258,11,726,1,5/5/2020
259,17,46,1,3/4/2020
260,11,425,7,18/2/2020
261,19,387,7,22/6/2020
262,15,292,8,15/3/2020
263,16,359,6,11/2/2020
264,10,238,7,17/9/2020
265,10,949,5,13/7/2020
266,18,553,6,28/6/2020
267,1,312,7,20/5/2020
268,2,93,5,20/9/2020
269,10,589,2,14/7/2020
270,13,482,7,28/4/2020
271,13,386,6,27/8/2020
272,9,419,3,17/4/2020
273,6,279,5,14/9/2020
274,13,420,6,6/8/2020
275,19,974,2,3/7/2020
276,8,977,4,21/6/2020
277,1,225,5,30/4/2020
278,7,118,7,27/7/2020
279,20,380,2,8/9/2020
280,10,50,7,1/10/2020
281,13,263,7,10/8/2020
282,6,337,6,8/7/2020
283,4,996,7,6/2/2020
284,1,160,1,27/7/2020
285,14,904,6,4/10/2020
286,19,133,8,3/5/2020
287,2,231,2,7/6/2020
288,17,285,5,20/6/2020
289,6,464,8,12/2/2020
290,16,847,7,11/10/2020
291,13,973,7,8/4/2020
292,13,205,3,22/5/2020
293,13,158,2,4/3/2020
294,1,843,4,7/10/2020
295,20,560,2,22/8/2020
296,14,315,2,7/5/2020
297,7,280,6,14/8/2020
298,3,914,7,21/2/2020
299,8,490,6,23/4/2020
300,6,579,2,14/8/2020
301,12,601,8,7/2/2020
302,8,677,1,15/5/2020
303,13,636,8,4/9/2020
304,8,224,1,20/3/2020
305,12,984,5,14/7/2020
306,11,375,7,9/9/2020
307,19,388,8,22/7/2020
308,17,156,7,22/8/2020
309,8,106,5,10/2/2020
310,14,425,7,5/10/2020
311,12,493,3,9/5/2020
312,11,662,6,25/1/2020
313,4,919,4,16/10/2020
314,19,296,8,4/2/2020
315,13,345,3,20/7/2020
316,10,865,3,6/7/2020
317,8,51,1,12/6/2020
318,5,910,2,29/2/2020
319,19,50,1,22/3/2020
320,19,467,2,27/3/2020
321,11,746,3,24/7/2020
322,12,644,3,29/1/2020
323,10,172,8,15/2/2020
324,5,105,2,5/9/2020
325,8,554,5,24/6/2020
326,5,290,4,23/1/2020
327,19,530,7,6/4/2020
328,6,135,4,2/7/2020
329,4,242,3,16/5/2020
330,6,713,2,29/6/2020
331,15,798,5,7/9/2020
332,14,204,1,13/8/2020
333,13,592,2,22/8/2020
334,4,327,6,27/3/2020
335,17,39,5,3/9/2020
336,1,339,3,14/7/2020
337,20,30,1,30/1/2020
338,14,83,1,19/6/2020
339,10,431,7,2/2/2020
340,14,649,6,24/7/2020
341,6,494,8,3/6/2020
342,14,124,5,24/3/2020
343,5,440,5,20/9/2020
344,19,289,2,19/9/2020
345,15,620,8,8/2/2020
346,10,363,1,20/3/2020
347,14,42,4,23/7/2020
348,2,948,5,11/10/2020
349,10,571,8,19/10/2020
350,19,410,7,22/8/2020
351,2,964,8,6/5/2020
352,1,750,8,4/10/2020
353,14,668,3,8/6/2020
354,13,432,8,24/3/2020
355,17,465,2,19/5/2020
356,19,369,8,22/4/2020
357,9,552,3,25/7/2020
358,20,576,6,11/4/2020
359,16,251,4,6/4/2020
360,12,982,6,1/7/2020
361,7,696,5,22/7/2020
362,6,823,6,21/4/2020
363,9,874,2,14/2/2020
364,7,636,5,28/2/2020
365,5,997,3,13/10/2020
366,8,104,3,14/9/2020
367,12,142,2,28/4/2020
368,1,818,6,24/4/2020
369,12,589,2,23/4/2020
370,11,682,6,2/2/2020
371,19,622,1,18/8/2020
372,9,437,3,26/8/2020
373,9,948,2,16/4/2020
374,13,314,4,6/5/2020
375,9,865,3,19/2/2020
376,17,576,3,8/10/2020
377,8,649,4,25/7/2020
378,14,208,7,29/5/2020
379,4,38,8,25/1/2020
380,2,746,8,26/2/2020
381,3,276,2,21/4/2020
382,14,532,2,24/9/2020
383,9,526,1,8/2/2020
384,8,525,5,27/2/2020
385,8,486,3,26/1/2020
386,16,306,8,26/9/2020
387,2,227,5,13/2/2020
388,20,226,1,13/7/2020
389,2,493,1,15/9/2020
390,16,153,8,9/9/2020
391,5,821,6,2/2/2020
392,3,349,4,26/8/2020
393,20,403,5,1/6/2020
394,10,197,5,13/2/2020
395,18,781,4,4/7/2020
396,2,436,6,18/2/2020
397,11,887,8,1/4/2020
398,6,866,8,8/7/2020
399,10,281,4,10/4/2020
400,17,322,7,20/10/2020
401,6,470,8,11/8/2020
402,14,315,6,2/7/2020
403,1,889,6,30/5/2020
404,18,188,7,30/4/2020
405,8,244,6,22/2/2020
406,16,193,1,25/7/2020
407,7,850,4,11/5/2020
408,14,802,5,27/9/2020
409,1,391,3,17/7/2020
410,10,482,6,25/7/2020
411,2,845,2,14/2/2020
412,3,822,6,8/6/2020
413,9,839,8,14/9/2020
414,11,183,4,25/6/2020
415,19,632,1,3/7/2020
416,12,902,6,17/8/2020
417,14,456,3,26/2/2020
418,6,86,8,15/8/2020
419,6,726,5,6/5/2020
420,5,789,4,8/8/2020
421,13,410,5,27/5/2020
422,19,250,6,2/8/2020
423,12,306,7,8/8/2020
424,17,55,5,25/8/2020
425,14,281,5,21/5/2020
426,3,157,7,2/9/2020
427,2,119,4,9/3/2020
428,12,600,5,10/8/2020
429,13,975,4,10/5/2020
430,13,208,3,6/8/2020
431,19,827,4,23/4/2020
432,11,586,7,21/3/2020
433,18,694,2,8/4/2020
434,16,188,3,10/7/2020
435,2,141,8,3/2/2020
436,5,294,2,18/9/2020
437,8,826,4,27/2/2020
438,11,324,1,7/4/2020
439,3,128,1,28/8/2020
440,14,499,7,5/6/2020
441,11,963,8,1/7/2020
442,5,194,3,2/5/2020
443,10,687,2,19/3/2020
444,18,95,4,29/7/2020
445,18,894,3,10/6/2020
446,17,412,3,1/8/2020
447,18,510,4,18/10/2020
448,14,42,5,18/9/2020
449,4,443,6,6/7/2020
450,1,947,6,15/2/2020
451,5,480,7,15/5/2020
452,10,661,7,14/5/2020
453,10,897,6,6/2/2020
454,19,352,6,20/3/2020
455,2,555,5,1/5/2020
456,19,961,1,25/8/2020
457,16,315,4,13/7/2020
458,16,606,8,27/6/2020
459,18,598,3,14/2/2020
460,20,497,4,11/9/2020
461,15,541,4,23/6/2020
462,6,202,5,4/10/2020
463,7,643,2,22/4/2020
464,18,395,6,20/10/2020
465,17,537,2,15/2/2020
466,20,390,7,11/2/2020
467,18,206,6,19/8/2020
468,11,202,5,23/9/2020
469,8,638,1,31/7/2020
470,19,171,2,23/7/2020
471,16,308,8,28/7/2020
472,11,92,4,23/9/2020
473,10,559,5,23/8/2020
474,18,569,3,15/10/2020
475,6,534,3,31/8/2020
476,3,56,2,9/8/2020
477,17,735,7,26/7/2020
478,8,111,1,2/10/2020
479,11,905,6,1/6/2020
480,3,321,8,26/4/2020
481,3,334,5,9/5/2020
482,3,121,4,12/6/2020
483,18,530,5,29/7/2020
484,7,12,8,5/7/2020
485,16,895,5,30/6/2020
486,6,913,2,29/8/2020
487,19,66,8,6/10/2020
488,10,675,5,21/10/2020
489,19,67,3,25/3/2020
490,12,386,7,6/9/2020
491,4,517,3,19/8/2020
492,19,525,4,15/6/2020
493,13,755,7,2/9/2020
494,2,115,2,31/3/2020
495,9,487,2,19/10/2020
496,14,393,5,11/6/2020
497,6,515,1,17/2/2020
498,12,347,4,2/9/2020
499,14,178,5,7/5/2020
500,17,550,5,6/9/2020
501,13,16,4,29/4/2020
502,5,497,4,4/5/2020
503,4,747,8,10/5/2020
504,9,10,2,13/2/2020
505,3,364,4,6/7/2020
506,13,121,5,17/5/2020
507,19,621,3,14/2/2020
508,18,156,2,21/7/2020
509,9,335,5,17/3/2020
510,13,316,4,19/7/2020
511,18,694,6,6/9/2020
512,20,738,6,24/4/2020
513,20,278,1,1/8/2020
514,13,948,5,22/6/2020
515,7,219,2,4/5/2020
516,13,680,8,21/2/2020
517,2,21,8,19/5/2020
518,18,523,7,22/8/2020
519,13,116,5,12/9/2020
520,15,221,1,4/2/2020
521,14,177,3,12/8/2020
522,17,910,1,5/6/2020
523,15,610,6,23/6/2020
524,6,188,1,23/9/2020
525,6,939,3,2/4/2020
526,14,338,2,25/9/2020
527,8,385,2,25/8/2020
528,14,686,5,17/4/2020
529,12,997,2,26/7/2020
530,7,693,5,6/6/2020
531,8,113,1,2/7/2020
532,1,67,3,17/6/2020
533,9,452,1,17/10/2020
534,20,164,1,4/6/2020
535,19,442,1,6/5/2020
536,15,27,1,12/5/2020
537,17,653,8,30/3/2020
538,18,12,5,30/9/2020
539,9,678,4,15/2/2020
540,10,749,1,26/7/2020
541,14,821,6,2/10/2020
542,8,641,6,21/5/2020
543,14,267,8,27/2/2020
544,15,551,5,22/6/2020
545,13,638,7,5/5/2020
546,20,995,5,18/5/2020
547,1,413,3,21/4/2020
548,5,193,3,19/4/2020
549,18,968,6,15/6/2020
550,1,857,7,31/5/2020
551,6,855,6,16/8/2020
552,2,317,7,31/7/2020
553,6,128,1,12/9/2020
554,1,463,4,3/8/2020
555,7,549,7,22/9/2020
556,7,864,2,1/9/2020
557,20,255,7,12/7/2020
558,16,51,8,12/10/2020
559,17,464,5,16/7/2020
560,13,679,2,26/1/2020
561,7,580,6,27/1/2020
562,17,867,1,25/2/2020
563,13,772,8,12/5/2020
564,19,184,7,21/10/2020
565,14,221,3,11/8/2020
566,10,750,3,6/10/2020
567,18,250,7,10/4/2020
568,13,163,1,27/5/2020
569,2,927,2,5/7/2020
570,2,858,2,19/3/2020
571,16,676,3,2/4/2020
572,1,950,5,26/6/2020
573,17,640,4,28/6/2020
574,18,921,8,29/9/2020
575,20,86,1,8/7/2020
576,12,496,4,7/9/2020
577,1,471,1,15/4/2020
578,5,660,4,12/4/2020
579,18,775,5,15/10/2020
580,17,723,6,19/4/2020
581,18,681,8,6/7/2020
582,17,673,5,5/2/2020
583,17,753,6,9/5/2020
584,13,441,8,3/3/2020
585,18,599,2,26/1/2020
586,8,185,2,15/2/2020
587,4,975,8,30/7/2020
588,8,264,3,2/2/2020
589,17,517,7,31/3/2020
590,7,18,5,8/6/2020
591,9,798,4,6/8/2020
592,14,278,8,16/8/2020
593,12,978,5,8/4/2020
594,19,327,4,16/8/2020
595,18,810,3,14/10/2020
596,17,858,4,3/5/2020
597,13,378,6,10/9/2020
598,8,591,6,16/3/2020
599,4,540,7,4/3/2020
600,2,654,4,29/4/2020
601,20,10,1,15/9/2020
602,5,963,1,29/1/2020
603,2,79,4,4/6/2020
604,6,635,3,23/6/2020
605,11,992,3,1/2/2020
606,6,133,2,20/8/2020
607,1,77,4,1/5/2020
608,19,866,4,1/7/2020
609,8,862,1,15/2/2020
610,13,100,4,23/9/2020
611,18,533,7,8/4/2020
612,15,243,5,9/6/2020
613,20,338,8,8/5/2020
614,4,339,7,17/7/2020
615,19,312,1,25/9/2020
616,16,981,6,3/9/2020
617,11,905,4,27/7/2020
618,17,37,4,3/5/2020
619,12,524,1,20/7/2020
620,6,456,4,2/2/2020
621,10,587,1,5/8/2020
622,10,548,7,8/4/2020
623,11,366,8,25/7/2020
624,2,721,3,4/4/2020
625,7,301,4,1/10/2020
626,17,969,4,26/7/2020
627,15,526,3,30/5/2020
628,1,66,3,12/8/2020
629,4,898,3,14/6/2020
630,1,158,8,5/8/2020
631,20,354,6,5/3/2020
632,10,506,1,29/5/2020
633,8,132,8,21/5/2020
634,16,831,4,27/7/2020
635,2,530,5,22/4/2020
636,18,343,4,9/2/2020
637,1,502,1,9/7/2020
638,18,899,7,4/8/2020
639,20,262,6,30/7/2020
640,19,59,6,25/9/2020
641,18,630,5,15/8/2020
642,15,705,2,10/9/2020
643,19,963,5,25/2/2020
644,11,20,7,31/1/2020
645,5,891,4,3/6/2020
646,10,448,8,14/6/2020
647,13,687,8,23/4/2020
648,17,466,7,15/7/2020
649,2,518,6,2/2/2020
650,7,146,8,23/8/2020
651,3,933,2,16/8/2020
652,17,23,6,17/4/2020
653,13,100,1,25/9/2020
654,6,347,4,15/6/2020
655,19,401,8,31/1/2020
656,20,864,7,19/8/2020
657,8,483,7,7/8/2020
658,1,974,1,29/7/2020
659,13,760,2,12/5/2020
660,19,592,1,29/6/2020
661,7,347,6,11/8/2020
662,13,43,5,3/2/2020
663,9,894,6,23/9/2020
664,19,454,1,27/3/2020
665,13,79,7,26/3/2020
666,13,784,2,27/6/2020
667,6,897,6,25/1/2020
668,5,769,5,29/1/2020
669,16,262,5,22/9/2020
670,6,96,7,1/9/2020
671,18,413,3,30/3/2020
672,5,701,7,23/3/2020
673,13,421,8,20/10/2020
674,20,649,1,13/7/2020
675,12,655,5,2/7/2020
676,7,990,6,16/7/2020
677,19,352,1,25/1/2020
678,1,595,8,4/4/2020
679,15,945,8,1/6/2020
680,4,244,2,18/6/2020
681,12,657,8,9/6/2020
682,17,846,2,18/5/2020
683,10,368,7,13/3/2020
684,6,620,7,11/9/2020
685,12,669,4,4/10/2020
686,13,149,3,5/3/2020
687,14,121,3,5/8/2020
688,1,379,4,26/2/2020
689,2,753,6,21/10/2020
690,1,632,6,1/3/2020
691,13,788,8,11/2/2020
692,1,272,3,20/9/2020
693,20,882,7,9/4/2020
694,20,58,8,24/6/2020
695,2,474,7,28/5/2020
696,13,694,4,22/6/2020
697,4,51,6,2/3/2020
698,19,72,5,15/9/2020
699,5,8,8,14/3/2020
700,5,438,8,30/6/2020
701,16,410,1,5/6/2020
702,11,469,6,29/8/2020
703,20,969,1,6/8/2020
704,13,571,1,29/8/2020
705,10,727,6,19/5/2020
706,6,571,4,13/3/2020
707,6,801,1,6/9/2020
708,8,787,1,21/8/2020
709,8,598,1,17/10/2020
710,1,417,5,5/4/2020
711,12,945,6,8/3/2020
712,20,527,6,11/3/2020
713,14,995,8,20/6/2020
714,6,436,7,24/4/2020
715,20,816,4,27/8/2020
716,3,452,6,8/2/2020
717,1,384,3,21/10/2020
718,8,300,4,9/8/2020
719,4,512,8,19/10/2020
720,19,222,7,6/5/2020
721,9,531,6,8/8/2020
722,9,776,6,17/5/2020
723,19,808,3,5/10/2020
724,6,326,1,19/4/2020
725,20,639,2,30/8/2020
726,19,419,5,3/4/2020
727,10,868,8,16/5/2020
728,4,712,8,23/2/2020
729,5,114,3,22/9/2020
730,8,581,3,10/8/2020
731,20,493,7,29/6/2020
732,17,53,5,16/6/2020
733,18,974,1,21/7/2020
734,2,865,6,4/5/2020
735,12,600,2,28/3/2020
736,18,887,4,29/4/2020
737,2,293,6,2/10/2020
738,18,221,6,26/3/2020
739,10,766,4,23/1/2020
740,3,61,2,11/5/2020
741,1,451,3,11/2/2020
742,14,133,4,14/2/2020
743,18,863,7,26/8/2020
744,10,17,4,11/6/2020
745,4,219,5,2/5/2020
746,6,368,6,8/6/2020
747,1,136,6,9/2/2020
748,6,227,7,18/3/2020
749,12,853,3,25/2/2020
750,2,773,5,10/6/2020
751,17,82,4,24/3/2020
752,4,646,7,25/7/2020
753,18,746,2,1/10/2020
754,3,260,6,29/8/2020
755,5,28,1,7/2/2020
756,2,302,6,30/4/2020
757,18,785,1,27/7/2020
758,9,673,7,24/3/2020
759,20,10,4,24/7/2020
760,10,223,5,30/5/2020
761,4,199,1,24/2/2020
762,10,152,5,31/3/2020
763,14,639,2,10/5/2020
764,9,60,7,14/7/2020
765,11,685,4,31/5/2020
766,18,403,6,17/10/2020
767,3,79,8,29/1/2020
768,1,929,1,29/3/2020
769,8,267,1,3/6/2020
770,6,480,2,19/10/2020
771,3,105,2,28/3/2020
772,1,63,1,13/9/2020
773,8,434,1,23/4/2020
774,15,992,5,2/6/2020
775,15,577,1,25/4/2020
776,11,706,6,12/6/2020
777,10,171,1,20/4/2020
778,10,600,6,25/8/2020
779,14,986,3,26/5/2020
780,14,111,2,9/10/2020
781,10,124,5,28/4/2020
782,8,490,1,13/3/2020
783,10,509,4,13/8/2020
784,3,667,1,23/9/2020
785,5,978,8,23/1/2020
786,12,180,2,25/4/2020
787,9,509,8,6/8/2020
788,14,394,6,6/6/2020
789,6,48,1,21/8/2020
790,6,265,1,8/8/2020
791,18,958,6,1/5/2020
792,2,829,6,2/3/2020
793,2,228,7,26/9/2020
794,14,719,3,23/7/2020
795,8,129,6,5/6/2020
796,15,732,7,9/7/2020
797,20,726,7,11/2/2020
798,20,894,1,14/8/2020
799,2,97,2,3/4/2020
800,1,293,4,19/7/2020
801,15,160,7,1/6/2020
802,15,394,6,22/8/2020
803,4,475,5,20/7/2020
804,9,574,5,3/3/2020
805,20,941,1,3/6/2020
806,1,122,5,15/2/2020
807,3,861,4,28/5/2020
808,20,851,5,16/10/2020
809,5,628,8,12/4/2020
810,7,840,8,16/2/2020
811,4,273,3,6/6/2020
812,9,69,7,13/8/2020
813,10,778,6,17/6/2020
814,1,461,4,13/6/2020
815,1,885,1,6/7/2020
816,20,846,8,17/4/2020
817,10,387,8,11/2/2020
818,5,659,5,19/3/2020
819,10,142,8,28/7/2020
820,20,299,2,15/6/2020
821,17,183,4,19/9/2020
822,19,797,6,22/2/2020
823,16,806,4,29/2/2020
824,10,962,8,18/6/2020
825,5,881,7,27/5/2020
826,20,887,6,12/3/2020
827,5,540,7,6/8/2020
828,4,127,1,31/8/2020
829,7,120,1,22/4/2020
830,18,236,1,31/5/2020
831,18,631,3,13/3/2020
832,16,421,3,5/4/2020
833,14,618,2,1/10/2020
834,4,347,2,26/8/2020
835,20,103,6,4/2/2020
836,9,500,5,7/5/2020
837,16,351,4,13/10/2020
838,2,376,5,12/4/2020
839,13,555,1,20/3/2020
840,20,149,8,24/4/2020
841,10,614,1,23/2/2020
842,16,805,3,10/4/2020
843,1,374,8,18/7/2020
844,16,408,8,10/9/2020
845,14,285,6,19/3/2020
846,2,656,4,25/8/2020
847,7,198,4,31/8/2020
848,6,994,3,15/4/2020
849,9,290,3,4/3/2020
850,20,2,1,30/9/2020
851,13,820,8,28/8/2020
852,1,446,1,19/7/2020
853,10,933,7,23/4/2020
854,10,646,4,20/10/2020
855,2,644,3,3/9/2020
856,19,310,4,4/3/2020
857,10,981,2,27/9/2020
858,20,926,8,24/2/2020
859,12,881,4,13/9/2020
860,10,501,8,15/5/2020
861,19,422,6,4/4/2020
862,10,383,7,14/7/2020
863,20,613,2,22/8/2020
864,13,186,5,9/3/2020
865,14,268,7,21/5/2020
866,2,705,7,14/2/2020
867,10,681,2,2/4/2020
868,8,503,5,7/8/2020
869,12,251,7,23/9/2020
870,11,970,5,1/4/2020
871,20,22,6,30/3/2020
872,19,593,3,21/5/2020
873,8,781,7,22/9/2020
874,12,960,2,1/3/2020
875,19,826,2,10/6/2020
876,18,413,2,21/8/2020
877,3,828,1,9/9/2020
878,5,622,1,22/2/2020
879,9,532,1,7/3/2020
880,20,976,3,22/9/2020
881,10,390,4,16/6/2020
882,12,818,4,28/4/2020
883,13,774,3,5/6/2020
884,10,785,8,1/8/2020
885,16,506,1,8/2/2020
886,15,40,6,23/7/2020
887,4,570,6,7/6/2020
888,4,334,1,11/6/2020
889,10,976,3,13/7/2020
890,18,372,5,26/4/2020
891,20,737,6,17/9/2020
892,15,845,2,15/5/2020
893,14,183,2,23/9/2020
894,4,1000,1,19/10/2020
895,16,119,4,26/2/2020
896,19,801,7,22/4/2020
897,8,429,3,18/6/2020
898,2,902,1,12/6/2020
899,4,50,2,4/8/2020
900,3,843,4,26/4/2020
901,20,305,6,31/3/2020
902,8,767,6,13/6/2020
903,5,919,2,25/5/2020
904,4,225,5,4/9/2020
905,6,454,3,31/3/2020
906,18,285,5,23/4/2020
907,15,159,2,21/9/2020
908,8,366,7,22/6/2020
909,8,162,2,3/4/2020
910,19,456,7,1/3/2020
911,15,209,4,11/4/2020
912,19,667,4,7/2/2020
913,15,814,2,3/3/2020
914,8,690,1,17/5/2020
915,6,78,1,6/2/2020
916,10,139,7,30/1/2020
917,8,327,3,23/7/2020
918,16,776,2,17/6/2020
919,17,550,2,19/5/2020
920,14,615,6,24/9/2020
921,5,601,6,11/5/2020
922,19,41,3,27/9/2020
923,5,192,4,27/5/2020
924,3,635,6,2/6/2020
925,4,138,4,2/5/2020
926,3,626,8,29/3/2020
927,14,26,6,20/9/2020
928,17,45,8,19/5/2020
929,11,580,8,19/2/2020
930,14,1,1,4/6/2020
931,12,467,4,12/6/2020
932,5,114,4,8/4/2020
933,18,135,5,5/2/2020
934,11,34,5,16/4/2020
935,7,36,4,16/5/2020
936,8,374,2,3/9/2020
937,19,471,5,30/1/2020
938,1,129,2,26/6/2020
939,3,6,3,5/2/2020
940,8,558,4,5/3/2020
941,4,168,6,14/3/2020
942,17,857,6,23/9/2020
943,8,153,7,8/6/2020
944,9,331,7,4/7/2020
945,8,53,1,28/9/2020
946,3,661,3,21/5/2020
947,2,504,2,27/3/2020
948,16,624,2,14/10/2020
949,13,630,1,15/2/2020
950,15,683,6,2/6/2020
951,14,528,3,31/3/2020
952,3,120,7,24/3/2020
953,11,824,7,30/7/2020
954,19,104,8,13/8/2020
955,17,674,4,27/1/2020
956,11,3,8,18/8/2020
957,20,494,6,30/7/2020
958,20,475,3,14/5/2020
959,4,185,8,5/2/2020
960,7,625,8,24/3/2020
961,3,115,7,17/9/2020
962,18,630,3,2/8/2020
963,16,334,2,4/10/2020
964,10,946,8,23/5/2020
965,14,10,7,1/5/2020
966,8,738,3,25/4/2020
967,18,965,1,25/7/2020
968,14,514,4,29/5/2020
969,11,295,1,15/5/2020
970,18,145,4,10/6/2020
971,3,472,4,5/10/2020
972,10,637,2,5/5/2020
973,3,610,7,7/5/2020
974,11,842,3,10/2/2020
975,13,444,3,20/4/2020
976,4,155,8,13/5/2020
977,15,828,6,25/4/2020
978,20,452,2,23/2/2020
979,11,319,7,13/8/2020
980,6,966,1,24/5/2020
981,19,54,2,11/2/2020
982,1,310,8,2/3/2020
983,9,904,4,11/2/2020
984,6,502,1,15/9/2020
985,12,696,6,4/3/2020
986,10,83,2,10/7/2020
987,19,712,4,29/4/2020
988,13,244,1,18/7/2020
989,19,433,3,14/2/2020
990,16,399,6,16/2/2020
991,4,615,4,1/4/2020
992,5,808,3,2/5/2020
993,14,489,7,26/1/2020
994,2,920,6,31/5/2020
995,3,750,8,29/5/2020
996,12,13,4,23/4/2020
997,13,585,5,26/1/2020
998,7,953,5,10/10/2020
999,12,344,4,30/7/2020
1000,3,547,7,8/7/2020
1001,1,232,4,23/7/2020
1002,6,36,6,27/3/2020
1003,9,823,7,19/8/2020
1004,18,975,7,31/3/2020
1005,2,782,3,13/9/2020
1006,10,594,6,19/6/2020
1007,11,799,5,9/7/2020
1008,8,921,7,1/4/2020
1009,8,691,8,14/10/2020
1010,3,890,5,8/7/2020
1011,1,666,1,8/5/2020
1012,11,493,2,23/5/2020
1013,17,194,2,27/2/2020
1014,16,273,4,30/1/2020
1015,14,751,5,3/10/2020
1016,10,521,6,8/6/2020
1017,15,414,2,13/10/2020
1018,3,629,8,3/10/2020
1019,1,765,4,30/5/2020
1020,3,527,3,18/7/2020
1021,18,154,6,16/6/2020
1022,15,242,3,1/2/2020
1023,20,186,7,11/10/2020
1024,8,990,4,25/8/2020
1025,18,42,7,30/7/2020
1026,4,961,5,2/8/2020
1027,9,672,7,10/3/2020
1028,19,1,7,25/4/2020
1029,9,897,8,5/2/2020
1030,10,153,7,1/4/2020
1031,2,353,3,16/3/2020
1032,1,333,5,3/10/2020
1033,17,619,6,4/2/2020
1034,9,587,3,15/10/2020
1035,8,521,7,7/10/2020
1036,15,422,4,9/8/2020
1037,14,154,6,22/2/2020
1038,9,615,3,23/7/2020
1039,20,954,3,3/9/2020
1040,1,259,4,15/5/2020
1041,17,835,4,13/6/2020
1042,3,723,7,13/9/2020
1043,17,259,7,8/6/2020
1044,14,291,2,2/8/2020
1045,15,611,1,18/10/2020
1046,20,673,5,4/6/2020
1047,3,990,6,4/8/2020
1048,18,32,3,24/8/2020
1049,13,66,2,19/5/2020
1050,6,959,6,15/7/2020
1051,10,943,1,25/9/2020
1052,13,102,8,4/10/2020
1053,15,32,7,14/9/2020
1054,5,471,3,2/10/2020
1055,16,136,2,30/7/2020
1056,13,661,1,23/2/2020
1057,5,387,5,1/8/2020
1058,16,648,2,2/7/2020
1059,3,502,1,31/3/2020
1060,18,206,8,18/10/2020
1061,9,859,7,3/7/2020
1062,13,125,8,29/4/2020
1063,15,45,7,26/8/2020
1064,14,72,4,8/7/2020
1065,1,941,2,1/9/2020
1066,14,613,3,25/1/2020
1067,12,549,3,8/5/2020
1068,9,100,5,9/9/2020
1069,11,165,3,6/4/2020
1070,15,777,4,3/8/2020
1071,17,569,2,1/6/2020
1072,14,611,4,18/10/2020
1073,7,764,5,6/6/2020
1074,9,246,7,21/3/2020
1075,8,362,7,2/4/2020
1076,9,78,8,10/5/2020
1077,16,303,3,3/2/2020
1078,8,493,8,5/2/2020
1079,1,791,4,28/6/2020
1080,6,170,2,18/7/2020
1081,18,844,5,2/5/2020
1082,13,180,5,22/5/2020
1083,2,1000,2,10/4/2020
1084,8,781,3,17/8/2020
1085,16,680,8,1/3/2020
1086,20,229,3,26/5/2020
1087,13,748,1,1/4/2020
1088,7,364,6,18/7/2020
1089,8,594,3,26/2/2020
1090,10,87,6,31/8/2020
1091,4,352,7,2/3/2020
1092,19,924,5,11/3/2020
1093,7,291,4,8/9/2020
1094,3,921,8,29/4/2020
1095,14,879,2,2/9/2020
1096,18,661,2,2/3/2020
1097,19,340,5,12/4/2020
1098,8,556,2,25/4/2020
1099,6,858,6,1/2/2020
1100,15,266,6,4/9/2020
1101,18,943,2,10/9/2020
1102,2,207,5,14/2/2020
1103,2,112,7,28/6/2020
1104,20,362,1,23/9/2020
1105,7,824,1,29/6/2020
1106,6,681,3,28/6/2020
1107,19,387,5,8/3/2020
1108,9,693,2,26/5/2020
1109,20,712,7,23/5/2020
1110,11,13,6,12/9/2020
1111,10,752,7,13/3/2020
1112,8,936,5,25/2/2020
1113,8,389,5,2/8/2020
1114,20,377,6,16/2/2020
1115,2,617,8,17/8/2020
1116,6,111,8,18/9/2020
1117,14,465,7,1/6/2020
1118,9,876,7,21/10/2020
1119,5,202,6,21/3/2020
1120,4,77,8,20/2/2020
1121,18,62,5,29/9/2020
1122,20,957,6,9/8/2020
1123,7,295,2,1/9/2020
1124,9,338,6,15/8/2020
1125,4,697,7,13/8/2020
1126,4,989,2,10/9/2020
1127,8,151,1,9/2/2020
1128,16,227,3,20/9/2020
1129,15,904,3,25/9/2020
1130,20,120,6,1/4/2020
1131,3,916,2,12/3/2020
1132,14,302,5,19/7/2020
1133,6,963,4,4/5/2020
1134,20,878,1,10/6/2020
1135,4,136,3,1/6/2020
1136,4,967,5,14/9/2020
1137,11,179,7,28/8/2020
1138,8,134,2,21/9/2020
1139,6,36,2,10/10/2020
1140,17,916,2,1/6/2020
1141,20,749,8,15/2/2020
1142,3,881,7,8/6/2020
1143,1,114,4,18/2/2020
1144,20,892,6,4/3/2020
1145,7,713,7,6/7/2020
1146,18,901,3,4/2/2020
1147,18,862,4,18/7/2020
1148,2,285,3,20/4/2020
1149,10,990,7,23/3/2020
1150,15,148,7,25/5/2020
1151,9,55,5,20/5/2020
1152,10,843,1,12/3/2020
1153,16,346,7,12/3/2020
1154,16,1000,3,3/3/2020
1155,6,530,1,28/8/2020
1156,10,226,1,13/6/2020
1157,18,443,5,25/5/2020
1158,19,583,2,21/2/2020
1159,2,715,7,3/9/2020
1160,1,713,1,26/7/2020
1161,14,829,2,12/8/2020
1162,12,655,2,9/3/2020
1163,12,736,1,25/3/2020
1164,11,874,3,15/4/2020
1165,4,729,7,23/9/2020
1166,5,325,1,18/4/2020
1167,8,485,1,1/2/2020
1168,8,379,5,21/9/2020
1169,4,590,8,3/4/2020
1170,11,642,7,6/5/2020
1171,19,78,5,24/3/2020
1172,8,136,2,9/7/2020
1173,7,900,6,14/10/2020
1174,11,818,4,17/8/2020
1175,15,651,6,9/7/2020
1176,3,779,4,27/7/2020
1177,5,918,8,1/2/2020
1178,4,305,2,13/7/2020
1179,15,43,1,1/3/2020
1180,10,879,3,26/4/2020
1181,9,828,3,22/9/2020
1182,14,663,5,5/6/2020
1183,18,148,3,3/9/2020
1184,20,543,4,6/7/2020
1185,9,230,7,3/6/2020
1186,5,934,1,8/9/2020
1187,2,708,6,21/4/2020
1188,9,425,5,16/7/2020
1189,10,348,4,19/7/2020
1190,10,168,1,10/7/2020
1191,9,534,4,7/4/2020
1192,16,337,6,20/4/2020
1193,10,60,1,8/8/2020
1194,5,376,4,5/10/2020
1195,8,257,2,29/4/2020
1196,20,970,2,19/10/2020
1197,1,835,6,29/7/2020
1198,12,370,1,25/8/2020
1199,10,597,1,14/7/2020
1200,4,896,2,5/6/2020
1201,20,997,2,9/4/2020
1202,11,701,7,28/2/2020
1203,8,736,7,18/5/2020
1204,6,176,5,10/9/2020
1205,16,293,8,25/3/2020
1206,1,773,5,18/10/2020
1207,4,692,6,20/7/2020
1208,18,351,3,14/5/2020
1209,12,652,3,2/9/2020
1210,13,991,1,11/10/2020
1211,13,777,5,2/8/2020
1212,6,412,7,22/7/2020
1213,15,115,7,3/7/2020
1214,7,675,4,12/5/2020
1215,17,656,2,27/4/2020
1216,3,979,2,22/3/2020
1217,1,855,6,13/8/2020
1218,4,650,4,21/4/2020
1219,11,552,6,25/3/2020
1220,3,238,8,15/3/2020
1221,11,363,6,29/5/2020
1222,14,799,3,25/7/2020
1223,9,262,4,19/4/2020
1224,15,985,7,29/7/2020
1225,12,259,6,27/2/2020
1226,7,617,7,27/9/2020
1227,14,577,1,16/8/2020
1228,1,703,6,21/10/2020
1229,2,395,2,31/1/2020
1230,5,274,8,31/7/2020
1231,8,624,5,29/6/2020
1232,6,175,4,9/9/2020
1233,17,320,3,3/9/2020
1234,16,988,3,20/3/2020
1235,8,875,7,12/9/2020
1236,14,311,3,5/3/2020
1237,6,915,3,27/5/2020
1238,9,124,8,27/4/2020
1239,19,220,3,1/10/2020
1240,9,151,4,25/9/2020
1241,16,771,1,23/9/2020
1242,20,101,8,18/5/2020
1243,11,403,1,1/4/2020
1244,12,880,5,15/4/2020
1245,7,298,1,9/9/2020
1246,18,798,1,1/3/2020
1247,7,957,7,5/4/2020
1248,6,641,1,11/3/2020
1249,10,461,6,30/8/2020
1250,6,652,1,27/3/2020
1251,19,902,2,7/4/2020
1252,2,218,6,20/6/2020
1253,12,626,5,15/9/2020
1254,15,886,2,6/3/2020
1255,15,226,7,6/5/2020
1256,8,693,8,28/3/2020
1257,15,765,1,10/3/2020
1258,19,487,3,6/10/2020
1259,5,794,8,8/5/2020
1260,11,151,6,3/9/2020
1261,15,278,2,21/4/2020
1262,8,822,4,27/6/2020
1263,17,866,7,8/2/2020
1264,8,339,6,18/7/2020
1265,4,730,1,31/8/2020
1266,7,84,3,27/6/2020
1267,3,214,3,28/6/2020
1268,12,596,8,16/7/2020
1269,12,675,6,30/9/2020
1270,3,252,6,25/2/2020
1271,8,640,7,20/6/2020
1272,6,386,3,12/9/2020
1273,2,407,7,31/3/2020
1274,3,393,1,16/2/2020
1275,12,434,1,12/10/2020
1276,15,18,2,1/4/2020
1277,16,155,3,9/10/2020
1278,7,518,5,9/4/2020
1279,8,585,5,10/2/2020
1280,7,906,1,30/5/2020
1281,16,753,8,4/5/2020
1282,13,273,2,6/10/2020
1283,11,399,5,21/3/2020
1284,16,446,3,22/8/2020
1285,3,649,4,12/2/2020
1286,20,240,5,9/6/2020
1287,15,917,6,7/2/2020
1288,11,770,7,17/8/2020
1289,6,70,8,4/4/2020
1290,18,697,4,20/2/2020
1291,2,906,6,27/4/2020
1292,3,761,8,21/7/2020
1293,4,158,6,4/2/2020
1294,16,780,4,11/6/2020
1295,15,239,2,26/7/2020
1296,8,893,4,11/2/2020
1297,5,624,2,13/9/2020
1298,10,68,5,31/5/2020
1299,7,99,2,24/9/2020
1300,19,43,4,10/8/2020
1301,18,956,8,5/2/2020
1302,2,524,5,11/7/2020
1303,9,634,2,24/9/2020
1304,2,327,3,26/6/2020
1305,3,777,6,10/8/2020
1306,15,348,8,27/6/2020
1307,19,836,2,6/4/2020
1308,16,425,6,11/8/2020
1309,17,990,1,13/7/2020
1310,4,958,8,19/3/2020
1311,13,259,4,31/1/2020
1312,19,146,2,23/6/2020
1313,4,452,5,2/7/2020
1314,11,783,8,4/5/2020
1315,6,665,7,20/6/2020
1316,11,202,3,6/9/2020
1317,12,432,7,17/2/2020
1318,8,564,5,27/5/2020
1319,2,213,3,4/7/2020
1320,3,231,6,2/5/2020
1321,15,968,4,24/9/2020
1322,3,900,3,11/9/2020
1323,10,347,7,10/6/2020
1324,11,442,3,19/8/2020
1325,8,953,8,31/3/2020
1326,15,57,4,2/9/2020
1327,1,857,8,18/7/2020
1328,1,60,5,10/7/2020
1329,3,412,8,1/5/2020
1330,8,144,1,22/3/2020
1331,17,2,3,7/2/2020
1332,5,130,5,22/3/2020
1333,8,639,2,13/8/2020
1334,8,793,7,18/7/2020
1335,8,172,5,14/10/2020
1336,12,707,5,2/8/2020
1337,20,566,6,20/10/2020
1338,7,42,8,12/7/2020
1339,10,606,7,21/9/2020
1340,13,860,4,13/2/2020
1341,15,628,4,21/10/2020
1342,2,33,3,10/10/2020
1343,4,27,6,21/10/2020
1344,17,820,8,6/4/2020
1345,17,120,5,14/6/2020
1346,16,325,6,18/6/2020
1347,2,245,2,2/9/2020
1348,18,436,8,15/5/2020
1349,10,911,7,21/3/2020
1350,7,996,1,23/8/2020
1351,8,637,4,2/6/2020
1352,3,450,6,13/8/2020
1353,3,216,5,3/8/2020
1354,2,103,6,3/3/2020
1355,1,542,5,11/3/2020
1356,11,766,1,29/6/2020
1357,10,243,4,13/8/2020
1358,13,617,8,10/3/2020
1359,19,11,2,12/8/2020
1360,2,645,6,26/8/2020
1361,9,243,2,23/7/2020
1362,1,660,5,26/1/2020
1363,8,790,4,15/9/2020
1364,8,920,5,24/5/2020
1365,19,2,4,14/9/2020
1366,6,958,3,1/6/2020
1367,20,220,7,27/5/2020
1368,17,310,1,16/7/2020
1369,11,499,4,27/1/2020
1370,12,309,2,31/3/2020
1371,12,669,1,5/9/2020
1372,2,857,2,21/7/2020
1373,14,196,8,25/2/2020
1374,12,869,7,15/10/2020
1375,14,572,3,3/9/2020
1376,20,697,7,11/3/2020
1377,18,750,6,10/10/2020
1378,6,951,1,22/3/2020
1379,3,41,6,14/2/2020
1380,10,667,7,23/4/2020
1381,8,304,8,18/7/2020
1382,11,577,4,16/5/2020
1383,16,969,8,4/6/2020
1384,9,241,6,15/10/2020
1385,3,483,5,8/3/2020
1386,19,182,5,18/7/2020
1387,18,642,7,8/4/2020
1388,13,712,3,10/10/2020
1389,8,104,7,10/8/2020
1390,3,561,6,8/7/2020
1391,4,902,5,11/2/2020
1392,3,508,5,29/9/2020
1393,16,54,3,1/7/2020
1394,13,759,8,14/2/2020
1395,9,855,4,18/10/2020
1396,19,306,6,28/7/2020
1397,17,437,4,16/2/2020
1398,6,368,3,27/9/2020
1399,12,900,4,2/10/2020
1400,18,651,4,11/4/2020
1401,5,160,2,25/7/2020
1402,11,10,7,23/8/2020
1403,8,317,8,24/3/2020
1404,12,190,7,10/10/2020
1405,5,808,4,27/3/2020
1406,5,890,4,7/5/2020
1407,19,791,3,5/2/2020
1408,9,410,1,17/5/2020
1409,16,709,3,9/10/2020
1410,17,610,7,10/8/2020
1411,15,709,4,28/8/2020
1412,5,673,1,21/9/2020
1413,17,319,4,23/7/2020
1414,4,500,3,3/9/2020
1415,17,137,6,19/4/2020
1416,9,591,6,31/3/2020
1417,18,810,7,3/6/2020
1418,3,789,3,23/3/2020
1419,8,397,3,3/7/2020
1420,13,555,4,22/2/2020
1421,3,782,1,26/7/2020
1422,5,248,8,22/2/2020
1423,9,129,8,24/2/2020
1424,16,98,4,5/3/2020
1425,1,555,5,28/7/2020
1426,18,996,7,1/4/2020
1427,8,780,7,16/10/2020
1428,7,770,4,11/4/2020
1429,14,541,3,1/5/2020
1430,9,83,4,12/4/2020
1431,18,739,2,7/9/2020
1432,9,494,5,29/8/2020
1433,8,484,3,13/5/2020
1434,8,762,1,17/4/2020
1435,16,992,3,4/8/2020
1436,7,77,8,21/9/2020
1437,3,618,7,6/9/2020
1438,7,389,5,21/4/2020
1439,15,402,8,31/1/2020
1440,7,409,8,2/3/2020
1441,19,356,6,27/2/2020
1442,2,61,8,28/2/2020
1443,6,374,6,13/2/2020
1444,20,293,8,3/10/2020
1445,16,775,3,12/5/2020
1446,19,271,4,7/6/2020
1447,17,603,6,12/7/2020
1448,19,456,4,24/8/2020
1449,18,3,1,30/5/2020
1450,20,259,8,19/9/2020
1451,1,48,7,8/7/2020
1452,20,794,8,4/5/2020
1453,20,101,6,4/6/2020
1454,11,697,2,3/9/2020
1455,14,226,1,11/10/2020
1456,14,293,5,24/1/2020
1457,13,665,3,28/8/2020
1458,10,297,2,5/2/2020
1459,9,713,3,15/3/2020
1460,15,324,2,8/5/2020
1461,7,697,4,3/10/2020
1462,10,346,3,7/4/2020
1463,17,625,8,19/9/2020
1464,6,645,2,8/8/2020
1465,16,875,8,28/1/2020
1466,1,807,4,1/4/2020
1467,2,532,2,1/5/2020
1468,16,120,4,3/5/2020
1469,11,901,4,7/7/2020
1470,19,944,4,22/3/2020
1471,9,152,5,1/6/2020
1472,10,108,5,19/4/2020
1473,5,308,1,8/10/2020
1474,6,542,7,12/6/2020
1475,10,183,7,15/4/2020
1476,5,58,8,25/6/2020
1477,16,545,3,10/5/2020
1478,10,995,6,23/4/2020
1479,13,189,5,17/4/2020
1480,20,418,4,18/4/2020
1481,13,609,2,15/5/2020
1482,20,327,3,23/6/2020
1483,17,953,4,1/3/2020
1484,18,996,4,17/8/2020
1485,16,32,2,17/10/2020
1486,9,827,8,21/8/2020
1487,6,65,5,19/9/2020
1488,11,307,4,23/2/2020
1489,18,68,8,5/3/2020
1490,5,448,1,20/8/2020
1491,6,718,6,27/2/2020
1492,16,692,4,21/2/2020
1493,14,429,3,3/6/2020
1494,17,259,2,5/5/2020
1495,15,919,7,31/3/2020
1496,10,26,7,17/5/2020
1497,12,961,4,4/4/2020
1498,1,459,1,25/2/2020
1499,3,575,2,15/2/2020
1500,18,511,4,8/3/2020
1501,9,63,8,4/8/2020
1502,8,200,7,22/2/2020
1503,10,147,3,6/5/2020
1504,9,420,3,8/8/2020
1505,1,444,7,4/6/2020
1506,1,870,4,16/10/2020
1507,9,570,4,12/10/2020
1508,16,879,7,24/1/2020
1509,2,642,5,6/10/2020
1510,2,63,5,21/4/2020
1511,2,261,6,12/2/2020
1512,10,888,3,1/8/2020
1513,5,335,7,2/2/2020
1514,9,112,1,10/9/2020
1515,5,689,2,13/3/2020
1516,1,294,2,27/4/2020
1517,13,929,1,18/8/2020
1518,17,449,2,8/6/2020
1519,12,180,2,20/3/2020
1520,12,565,2,28/4/2020
1521,7,431,1,17/9/2020
1522,19,513,6,27/5/2020
1523,4,246,1,2/2/2020
1524,14,723,1,2/10/2020
1525,12,958,5,7/5/2020
1526,18,368,6,28/7/2020
1527,20,706,8,18/4/2020
1528,14,844,3,14/4/2020
1529,5,15,4,13/8/2020
1530,13,802,8,9/8/2020
1531,1,869,6,5/7/2020
1532,2,116,1,30/7/2020
1533,4,819,7,9/7/2020
1534,20,549,5,21/8/2020
1535,7,579,1,3/8/2020
1536,7,795,5,8/4/2020
1537,16,159,7,15/2/2020
1538,12,725,7,5/10/2020
1539,17,96,2,25/8/2020
1540,17,269,5,29/7/2020
1541,7,781,8,1/3/2020
1542,3,114,5,28/4/2020
1543,17,114,3,10/10/2020
1544,1,962,7,21/10/2020
1545,3,423,3,23/5/2020
1546,7,181,4,11/10/2020
1547,6,709,4,10/9/2020
1548,13,984,8,3/3/2020
1549,20,674,5,28/5/2020
1550,4,387,4,23/5/2020
1551,3,786,4,28/7/2020
1552,3,605,4,31/1/2020
1553,18,291,4,5/3/2020
1554,13,541,3,23/3/2020
1555,20,860,4,27/3/2020
1556,17,414,6,8/5/2020
1557,5,581,3,5/2/2020
1558,12,862,4,21/9/2020
1559,12,291,8,19/3/2020
1560,2,504,6,4/3/2020
1561,1,823,7,2/5/2020
1562,19,961,8,22/8/2020
1563,16,61,6,7/4/2020
1564,3,905,3,12/4/2020
1565,20,624,8,26/8/2020
1566,18,816,4,28/3/2020
1567,14,540,4,1/9/2020
1568,5,695,3,20/3/2020
1569,17,113,6,25/1/2020
1570,8,309,3,19/4/2020
1571,1,306,1,16/4/2020
1572,2,377,3,2/8/2020
1573,13,118,7,30/9/2020
1574,3,543,8,3/9/2020
1575,14,444,2,25/4/2020
1576,1,72,5,16/8/2020
1577,1,570,8,18/3/2020
1578,6,249,7,4/6/2020
1579,7,292,1,15/2/2020
1580,5,764,8,16/2/2020
1581,12,289,5,12/3/2020
1582,14,267,1,29/7/2020
1583,8,565,5,1/4/2020
1584,5,961,7,4/7/2020
1585,7,460,4,20/6/2020
1586,11,8,1,9/10/2020
1587,10,376,6,6/5/2020
1588,14,587,3,7/4/2020
1589,14,707,5,5/9/2020
1590,6,321,2,8/2/2020
1591,12,796,6,9/6/2020
1592,20,182,2,14/9/2020
1593,16,228,4,9/7/2020
1594,7,120,5,21/7/2020
1595,5,272,5,17/9/2020
1596,6,324,3,25/5/2020
1597,15,394,4,8/8/2020
1598,9,568,8,10/9/2020
1599,15,436,4,5/8/2020
1600,7,435,2,5/10/2020
1601,9,532,3,1/4/2020
1602,13,136,8,21/10/2020
1603,8,420,5,9/8/2020
1604,10,5,2,21/2/2020
1605,18,466,5,23/9/2020
1606,14,45,2,5/2/2020
1607,20,803,2,14/3/2020
1608,4,682,6,21/3/2020
1609,16,443,5,25/4/2020
1610,20,395,3,7/9/2020
1611,4,70,1,29/1/2020
1612,14,740,4,30/1/2020
1613,13,556,2,11/10/2020
1614,9,557,2,2/10/2020
1615,9,563,8,18/5/2020
1616,6,695,4,11/6/2020
1617,5,843,2,11/3/2020
1618,10,32,6,6/6/2020
1619,14,192,6,6/2/2020
1620,11,511,6,13/9/2020
1621,19,769,4,23/8/2020
1622,18,15,6,30/1/2020
1623,10,512,8,26/3/2020
1624,6,556,2,23/8/2020
1625,2,498,3,24/7/2020
1626,18,550,2,29/3/2020
1627,18,821,6,25/9/2020
1628,2,481,8,5/9/2020
1629,15,414,7,23/9/2020
1630,3,858,5,14/3/2020
1631,16,714,3,6/8/2020
1632,19,785,6,14/2/2020
1633,5,97,7,24/8/2020
1634,5,661,6,30/8/2020
1635,3,131,6,4/6/2020
1636,9,359,3,11/6/2020
1637,3,163,7,29/6/2020
1638,7,982,4,3/5/2020
1639,4,829,6,21/7/2020
1640,16,443,7,27/2/2020
1641,1,386,6,5/8/2020
1642,16,306,8,23/9/2020
1643,11,635,2,9/7/2020
1644,17,538,8,10/3/2020
1645,20,308,6,1/10/2020
1646,6,546,2,11/6/2020
1647,18,470,8,28/6/2020
1648,6,114,2,2/9/2020
1649,18,182,1,16/6/2020
1650,9,76,8,9/5/2020
1651,19,128,3,29/2/2020
1652,4,336,4,8/10/2020
1653,1,757,7,5/4/2020
1654,13,93,5,19/5/2020
1655,16,377,2,21/4/2020
1656,12,828,5,21/10/2020
1657,18,568,5,10/9/2020
1658,13,749,6,15/8/2020
1659,7,185,4,8/3/2020
1660,10,659,2,29/8/2020
1661,8,527,3,3/6/2020
1662,20,128,7,26/8/2020
1663,18,946,2,6/7/2020
1664,20,14,8,26/8/2020
1665,18,422,1,27/8/2020
1666,18,585,7,5/10/2020
1667,2,736,4,27/8/2020
1668,14,392,3,8/4/2020
1669,5,719,4,20/4/2020
1670,9,722,2,12/8/2020
1671,20,629,3,24/1/2020
1672,16,249,3,13/10/2020
1673,20,723,5,5/8/2020
1674,3,286,4,20/3/2020
1675,2,609,6,31/1/2020
1676,2,684,1,25/6/2020
1677,11,357,5,10/8/2020
1678,20,383,5,29/5/2020
1679,15,936,3,30/7/2020
1680,4,817,4,1/2/2020
1681,16,782,2,4/2/2020
1682,17,50,6,1/6/2020
1683,5,586,4,27/7/2020
1684,6,340,1,30/9/2020
1685,10,731,1,3/5/2020
1686,14,560,8,10/7/2020
1687,10,205,2,5/8/2020
1688,16,748,8,26/3/2020
1689,18,790,2,3/10/2020
1690,16,815,4,3/7/2020
1691,17,444,4,16/9/2020
1692,15,179,6,22/6/2020
1693,13,451,2,29/4/2020
1694,8,808,8,10/6/2020
1695,13,973,2,4/10/2020
1696,14,647,5,1/9/2020
1697,2,388,8,19/10/2020
1698,8,432,1,10/4/2020
1699,5,878,4,3/4/2020
1700,17,992,7,29/1/2020
1701,2,422,8,13/2/2020
1702,15,294,5,27/3/2020
1703,12,347,8,1/6/2020
1704,17,665,2,3/9/2020
1705,4,945,3,16/6/2020
1706,14,963,4,2/10/2020
1707,17,434,6,9/8/2020
1708,16,93,8,4/3/2020
1709,8,870,8,14/3/2020
1710,6,865,1,13/9/2020
1711,12,234,4,15/4/2020
1712,1,766,4,18/7/2020
1713,14,370,8,16/7/2020
1714,11,709,7,7/6/2020
1715,4,373,3,28/7/2020
1716,16,248,1,5/5/2020
1717,13,692,3,25/4/2020
1718,17,215,6,25/9/2020
1719,14,682,6,10/8/2020
1720,7,963,2,17/2/2020
1721,16,382,7,26/8/2020
1722,13,361,7,2/5/2020
1723,10,960,5,7/2/2020
1724,1,982,1,2/7/2020
1725,3,55,1,5/2/2020
1726,11,751,2,9/10/2020
1727,9,427,5,1/6/2020
1728,15,582,6,5/8/2020
1729,20,848,3,17/4/2020
1730,10,365,1,11/10/2020
1731,3,552,8,23/3/2020
1732,7,944,4,30/9/2020
1733,20,890,7,10/3/2020
1734,7,249,4,10/2/2020
1735,2,443,1,21/8/2020
1736,18,709,6,10/3/2020
1737,18,79,5,16/10/2020
1738,1,306,6,15/2/2020
1739,17,905,3,5/9/2020
1740,11,14,7,2/7/2020
1741,14,824,6,1/9/2020
1742,4,174,6,16/4/2020
1743,3,791,4,10/2/2020
1744,16,718,2,8/6/2020
1745,6,542,2,25/5/2020
1746,7,70,6,9/8/2020
1747,18,981,3,14/5/2020
1748,4,136,7,8/9/2020
1749,18,363,6,16/2/2020
1750,2,506,5,31/5/2020
1751,14,800,2,16/10/2020
1752,9,70,6,24/6/2020
1753,3,812,1,11/9/2020
1754,7,999,2,19/3/2020
1755,15,11,6,15/7/2020
1756,13,192,5,21/10/2020
1757,12,119,3,29/9/2020
1758,12,225,3,7/5/2020
1759,10,801,7,24/6/2020
1760,10,419,4,11/6/2020
1761,5,669,6,10/10/2020
1762,4,252,8,5/8/2020
1763,11,657,8,21/5/2020
1764,4,13,7,5/5/2020
1765,20,605,6,3/7/2020
1766,15,34,7,27/3/2020
1767,17,708,1,23/7/2020
1768,5,954,1,13/9/2020
1769,6,249,5,26/2/2020
1770,20,702,8,2/3/2020
1771,19,499,3,22/6/2020
1772,20,204,6,24/6/2020
1773,13,843,7,20/6/2020
1774,19,578,8,20/5/2020
1775,17,715,4,17/2/2020
1776,2,433,6,17/2/2020
1777,11,938,4,19/3/2020
1778,14,191,8,30/5/2020
1779,20,496,2,4/10/2020
1780,1,887,2,20/8/2020
1781,4,815,8,25/5/2020
1782,9,240,3,6/4/2020
1783,2,377,7,26/7/2020
1784,2,414,4,2/3/2020
1785,5,445,1,18/3/2020
1786,15,283,6,7/5/2020
1787,2,837,7,10/8/2020
1788,14,318,8,31/8/2020
1789,13,760,3,28/6/2020
1790,3,240,1,13/7/2020
1791,16,710,8,20/7/2020
1792,10,274,5,15/9/2020
1793,5,355,3,6/5/2020
1794,7,793,6,5/2/2020
1795,6,920,8,13/6/2020
1796,15,91,3,7/5/2020
1797,15,154,3,22/9/2020
1798,16,270,4,14/7/2020
1799,4,770,6,24/9/2020
1800,11,199,3,15/3/2020
1801,12,433,5,15/8/2020
1802,17,33,3,28/1/2020
1803,8,508,7,20/6/2020
1804,7,393,7,28/8/2020
1805,8,829,6,1/8/2020
1806,6,821,3,3/10/2020
1807,7,760,2,10/4/2020
1808,10,139,6,10/7/2020
1809,12,821,7,27/4/2020
1810,12,482,5,2/6/2020
1811,8,499,1,6/9/2020
1812,6,486,6,27/6/2020
1813,18,151,5,25/9/2020
1814,12,2,5,26/3/2020
1815,1,805,5,26/9/2020
1816,19,940,7,16/9/2020
1817,5,182,5,26/1/2020
1818,17,937,7,29/8/2020
1819,5,537,3,9/3/2020
1820,5,173,1,7/3/2020
1821,11,130,3,28/9/2020
1822,16,649,3,28/6/2020
1823,15,231,5,29/2/2020
1824,7,697,5,7/7/2020
1825,18,205,3,24/5/2020
1826,12,548,7,23/5/2020
1827,14,850,8,23/8/2020
1828,5,616,2,10/5/2020
1829,10,28,7,26/2/2020
1830,11,377,6,4/2/2020
1831,11,131,4,29/4/2020
1832,10,32,8,9/2/2020
1833,11,704,8,25/3/2020
1834,7,690,5,22/7/2020
1835,17,898,3,3/6/2020
1836,10,620,2,3/4/2020
1837,14,510,1,15/10/2020
1838,4,779,6,3/7/2020
1839,13,157,5,15/5/2020
1840,10,474,5,3/3/2020
1841,9,680,2,23/1/2020
1842,15,839,2,26/5/2020
1843,13,619,1,15/10/2020
1844,3,806,8,12/5/2020
1845,16,632,6,4/5/2020
1846,11,820,7,12/10/2020
1847,20,228,6,19/10/2020
1848,18,136,1,27/6/2020
1849,2,411,7,22/4/2020
1850,19,766,1,18/2/2020
1851,14,854,4,8/2/2020
1852,6,29,5,24/1/2020
1853,12,497,6,6/10/2020
1854,16,651,3,6/2/2020
1855,14,832,3,12/4/2020
1856,10,853,7,27/6/2020
1857,2,200,7,1/10/2020
1858,20,817,4,6/6/2020
1859,9,802,2,5/8/2020
1860,16,645,4,4/2/2020
1861,19,799,5,21/4/2020
1862,10,22,5,4/4/2020
1863,7,585,5,29/5/2020
1864,16,111,3,1/8/2020
1865,20,812,3,1/7/2020
1866,14,102,7,11/2/2020
1867,15,140,4,4/7/2020
1868,4,835,8,21/3/2020
1869,11,653,1,9/5/2020
1870,4,992,5,18/7/2020
1871,17,62,4,6/9/2020
1872,20,417,5,23/4/2020
1873,11,461,5,3/10/2020
1874,17,369,7,1/5/2020
1875,6,25,4,26/4/2020
1876,8,256,8,16/7/2020
1877,18,62,5,8/7/2020
1878,9,980,2,5/10/2020
1879,11,472,1,11/4/2020
1880,16,996,2,16/4/2020
1881,13,818,5,13/8/2020
1882,11,61,8,11/8/2020
1883,7,468,2,28/6/2020
1884,13,377,7,5/8/2020
1885,18,297,3,20/3/2020
1886,4,621,3,18/6/2020
1887,12,110,8,16/9/2020
1888,12,537,8,11/10/2020
1889,1,294,6,20/4/2020
1890,5,442,4,5/4/2020
1891,18,599,1,12/6/2020
1892,17,817,2,9/6/2020
1893,5,740,4,11/10/2020
1894,1,369,2,27/8/2020
1895,11,774,5,1/9/2020
1896,8,528,3,30/1/2020
1897,14,673,7,13/7/2020
1898,9,398,2,1/2/2020
1899,1,796,2,22/3/2020
1900,19,113,5,21/7/2020
1901,13,518,6,29/9/2020
1902,19,764,8,9/7/2020
1903,3,245,5,11/9/2020
1904,10,594,6,22/8/2020
1905,1,108,4,23/2/2020
1906,6,933,6,13/7/2020
1907,7,490,6,21/2/2020
1908,14,419,4,12/5/2020
1909,18,710,3,30/5/2020
1910,7,451,5,10/9/2020
1911,16,857,8,17/6/2020
1912,1,970,2,25/1/2020
1913,19,126,6,31/8/2020
1914,12,420,6,6/10/2020
1915,7,140,6,22/3/2020
1916,12,118,8,13/8/2020
1917,20,251,2,12/2/2020
1918,20,837,8,3/2/2020
1919,8,979,8,16/2/2020
1920,19,124,3,9/6/2020
1921,12,591,3,5/9/2020
1922,16,633,6,11/10/2020
1923,19,534,5,25/9/2020
1924,15,894,6,6/10/2020
1925,17,800,4,15/3/2020
1926,19,198,6,29/3/2020
1927,15,823,4,27/5/2020
1928,2,996,1,5/3/2020
1929,16,757,3,19/8/2020
1930,2,257,7,10/8/2020
1931,18,944,7,3/2/2020
1932,6,511,5,4/2/2020
1933,18,314,7,13/9/2020
1934,20,128,6,12/8/2020
1935,20,964,7,14/5/2020
1936,17,941,4,1/10/2020
1937,2,302,2,5/10/2020
1938,1,226,8,12/5/2020
1939,15,586,3,27/7/2020
1940,12,224,1,6/8/2020
1941,9,623,2,25/6/2020
1942,14,646,4,14/8/2020
1943,3,435,7,30/1/2020
1944,20,7,2,15/10/2020
1945,9,716,4,3/8/2020
1946,14,298,1,28/4/2020
1947,16,953,5,25/7/2020
1948,12,899,1,10/7/2020
1949,6,788,8,28/4/2020
1950,2,644,8,17/4/2020
1951,19,27,3,17/7/2020
1952,15,163,3,28/9/2020
1953,19,489,8,3/7/2020
1954,10,73,7,27/4/2020
1955,5,627,5,29/3/2020
1956,14,896,1,1/9/2020
1957,16,183,3,4/2/2020
1958,13,428,2,29/3/2020
1959,13,706,1,27/2/2020
1960,4,824,5,28/1/2020
1961,16,21,4,27/2/2020
1962,12,775,6,10/3/2020
1963,2,772,7,21/7/2020
1964,9,45,7,2/4/2020
1965,5,829,6,2/7/2020
1966,9,68,2,14/4/2020
1967,7,290,7,25/6/2020
1968,2,811,3,1/4/2020
1969,10,394,4,22/8/2020
1970,8,799,4,1/2/2020
1971,13,255,5,12/9/2020
1972,4,155,8,28/1/2020
1973,15,906,6,26/8/2020
1974,19,433,4,7/3/2020
1975,6,574,3,10/8/2020
1976,19,535,8,24/7/2020
1977,6,804,5,28/8/2020
1978,7,518,5,24/6/2020
1979,13,968,3,31/7/2020
1980,9,76,1,14/10/2020
1981,16,126,3,12/7/2020
1982,12,441,2,18/3/2020
1983,15,117,6,30/7/2020
1984,13,214,5,17/4/2020
1985,6,534,5,31/3/2020
1986,11,301,4,7/10/2020
1987,1,666,2,13/5/2020
1988,9,825,5,9/3/2020
1989,14,620,6,19/10/2020
1990,5,734,2,15/3/2020
1991,16,958,4,9/4/2020
1992,13,424,3,30/1/2020
1993,1,276,4,22/8/2020
1994,8,118,6,9/9/2020
1995,16,144,4,9/10/2020
1996,13,141,2,1/8/2020
1997,16,557,7,5/3/2020
1998,3,660,7,2/2/2020
1999,13,163,1,27/1/2020
2000,4,169,2,6/3/2020
2001,15,893,8,31/7/2020
2002,3,722,3,27/4/2020
2003,6,156,4,9/4/2020
2004,2,757,2,11/6/2020
2005,9,503,7,13/6/2020
